name,team,year,age,height,weight,rating,completions,yds_per_comp,yds_lost_by_sack,ints,net_yds_per_att,games_played,longest_pass,adj_net_yds_per_att,td_percentage,completion_percentage,games_started,int_percentage,avg_yds_per_att,avg_value,comebacks,gwds,sacked,wins,tds,yds_per_att,yds,qbr,yds_per_game,att,perc_times_sk,c_cmpp,c_avg_cmpp,c_ya,c_aya,c_rate,c_pct,c_avg_att,c_att,c_numyrs,c_td,c_avg_tds,c_inter,c_avg_inter,c_yds,c_avg_yds,draft_Year,draft_No,draft_Round,draft_Pick,draft_Player,draft_Team,draft_College
Aaron Brooks,NOR,2001,25,76,220,76.4,312,12.3,330,22,5.76,16,63,4.99,4.7,55.9,16,3.9,6,15,2,3,50,7,26,6.9,3832,NA,239.5,558,8.2,370,123.33,7.8,7.3,130.2,54.8,225,675,3,34,11.33,23,7.67,5270,1756.67,1999,9,4,36,131,Packers,Virginia
Aaron Rodgers,GNB,2008,25,74,223,93.8,341,11.8,231,13,6.68,16,71,6.64,5.2,63.6,16,2.4,7.5,15,1,2,34,6,28,7.5,4038,66.93,252.4,536,6,424,212,8.2,8.6,150.3,63.8,332.5,665,2,43,21.5,13,6.5,5469,2734.5,2005,2,1,24,24,Packers,California
Akili Smith,CIN,2000,25,75,220,52.8,118,10.6,191,6,3.5,12,46,2.81,1.1,44.2,11,2.2,3.9,1,NA,NA,36,2,3,4.7,1253,NA,104.4,267,11.9,323,161.5,9,9.4,153.1,56.6,285.5,571,2,45,22.5,15,7.5,5148,2574,1999,3,1,3,3,Bengals,Oregon
Al Woodall,NYJ,1970,25,77,205,68.7,96,13.2,222,9,4.81,10,67,3.77,4.8,51.1,9,4.8,5.5,6,NA,NA,29,3,9,6.7,1265,NA,126.5,188,13.4,118,59,6.8,4.5,104.7,53.4,110.5,221,2,4,2,13,6.5,1501,750.5,1969,5,2,26,52,Jets,Duke
Alex Smith,SFO,2005,21,76,212,40.8,84,10.4,185,11,3.56,9,47,1.11,0.6,50.9,7,6.7,2.4,-2,1,2,29,2,1,5.3,875,NA,97.2,165,14.9,389,129.67,8.9,9.9,164.4,66.3,195.67,587,3,47,15.67,8,2.67,5203,1734.33,2005,1,1,1,1,49ers,Utah
Alex Van Pelt,BUF,2001,31,73,220,76.4,178,11.6,73,11,6.18,12,80,5.38,3.9,58,8,3.6,5.9,5,1,1,14,2,12,6.7,2056,NA,171.3,307,4.4,865,216.25,7.5,6.6,127,57.6,375.75,1503,4,66,16.5,60,15,11267,2816.75,1993,6,8,20,216,Steelers,Pittsburgh
Andrew Luck,IND,2012,23,76,234,76.5,339,12.9,246,18,6.18,16,70,5.66,3.7,54.1,15,2.9,6.4,13,4,NA,41,11,23,7,4374,64.99,273.4,627,6.1,713,237.67,8.9,9.5,162.8,67,354.67,1064,3,82,27.33,22,7.33,9430,3143.33,2012,1,1,1,1,Colts,Stanford
Andrew Walter,OAK,2006,24,78,230,55.8,147,11.4,256,13,4.41,12,51,2.78,1.1,53.3,8,4.7,4.2,0,NA,NA,46,2,3,6.1,1677,NA,139.8,276,14.3,777,194.25,7.5,7.6,132.6,54.9,354,1416,4,85,21.25,36,9,10617,2654.25,2005,5,3,5,69,Raiders,Arizona State
Andy Dalton,CIN,2011,24,74,215,80.4,300,11.3,160,13,6,16,84,5.65,3.9,58.1,16,2.5,6.2,11,4,4,24,9,20,6.6,3398,45.84,212.4,516,4.4,812,203,7.8,7.9,140.7,61.7,329.25,1317,4,71,17.75,30,7.5,10314,2578.5,2011,5,2,3,35,Bengals,Texas Christian
Anthony Dilweg,GNB,1990,25,75,215,72.1,101,12.5,150,7,5.22,9,59,4.5,4.2,52.6,7,3.6,5.8,4,1,1,22,2,8,6.6,1267,NA,140.8,192,10.3,342,85.5,7.7,6.8,128.9,57.6,148.5,594,4,27,6.75,24,6,4557,1139.25,1989,4,3,18,74,Packers,Duke
Archie Manning,NOR,1971,22,75,212,60.1,86,13.5,NA,9,3.83,12,63,2.52,3.4,48.6,10,5.1,5,7,2,1,NA,3,6,6.6,1164,NA,97,177,18.4,402,134,6.2,4.7,108.2,52.8,253.67,761,3,31,10.33,40,13.33,4753,1584.33,1971,2,1,2,2,Saints,Mississippi
Ben Roethlisberger,PIT,2004,22,77,240,98.1,196,13.4,213,11,7.41,14,58,6.93,5.8,66.4,13,3.7,8.4,11,NA,NA,30,13,17,8.9,2621,NA,187.2,295,9.2,854,284.67,8.3,8.4,151.3,65.5,434.67,1304,3,84,28,34,11.33,10829,3609.67,2004,3,1,11,11,Steelers,Miami (OH)
Bert Jones,BAL,1974,23,75,210,62.4,143,11.3,NA,12,4.19,11,57,2.95,3,53,8,4.4,4.6,8,NA,NA,36,1,8,6,1610,NA,146.4,270,11.8,233,77.67,7.6,7.1,129.2,52.2,148.67,446,3,28,9.33,17,5.67,3390,1130,1973,1,1,2,2,Colts,Louisiana State
Bill Nelsen,PIT,1965,24,72,195,52.7,121,15.8,NA,17,NA,12,87,NA,3,44.8,12,6.3,4.9,5,NA,NA,NA,2,8,7.1,1917,NA,159.8,270,NA,104,34.67,7.6,7,120,43.7,79.33,238,3,15,5,10,3.33,1811,603.67,1963,5,10,10,136,Steelers,USC
Billy Joe Hobert,NOR,1999,28,75,230,68.9,85,11.4,79,6,5.24,9,NA,4.36,3.8,53.5,7,3.8,5.2,2,NA,NA,11,1,6,6.1,970,NA,107.8,159,6.5,248,82.67,7.1,7,132.4,58.1,142.33,427,3,27,9,13,4.33,3028,1009.33,1993,3,3,2,58,Raiders,Washington
Billy Joe Tolliver,SDG,1990,24,73,217,68.9,216,11.9,150,16,5.65,15,45,4.72,3.9,52.7,14,3.9,5.3,9,NA,NA,19,6,16,6.3,2574,NA,171.6,410,4.4,493,123.25,6.7,5.7,109.8,49,251.75,1007,4,38,9.5,40,10,6756,1689,1989,3,2,23,51,Chargers,Texas Tech
Bob Avellini,CHI,1976,23,74,208,49.4,118,13.4,225,15,4.59,14,63,2.85,3,43.5,14,5.5,3.9,7,NA,NA,24,7,8,5.8,1580,NA,112.9,271,8.1,246,82,8.1,5.9,126.3,59.1,138.67,416,3,15,5,27,9,3380,1126.67,1975,6,6,5,135,Bears,Maryland
Bob Berry,ATL,1968,26,71,185,65.1,81,17.7,NA,13,NA,10,66,NA,4.6,52.9,7,8.5,6.5,6,1,1,NA,1,7,9.4,1433,NA,143.3,153,NA,108,108,7.1,6.4,125.8,51.9,208,208,1,15,15,10,10,1478,1478,1964,13,11,2,142,Eagles,Oregon
Bob Williams,CHI,1952,22,73,197,72,45,12.9,NA,5,NA,11,56,NA,6.9,51.7,7,5.7,5.4,7,0,0,NA,3,6,6.7,579,NA,52.6,87,NA,95,31.67,5.4,2.2,88,47,67.33,202,3,8,2.67,18,6,1100,366.67,1951,1,1,2,2,Bears,Notre Dame
Bobby Douglass,CHI,1969,22,76,225,50.9,68,11.4,312,8,2.49,11,48,1.09,3.4,45.9,7,5.4,3.5,6,NA,NA,37,1,5,5.2,773,NA,70.3,148,20,183,61,7.4,6.1,117.6,48.3,126.33,379,3,20,6.67,20,6.67,2817,939,1969,4,2,15,41,Bears,Kansas
Bobby Hoying,PHI,1998,26,75,221,45.6,114,8.4,185,9,3,8,38,1.43,0,50.9,7,4,2.5,-2,1,1,35,1,0,4.3,961,NA,120.1,224,13.5,498,124.5,8.4,7.9,142.6,58,214.5,858,4,57,14.25,35,8.75,7232,1808,1996,2,3,24,85,Eagles,Ohio State
Bobby Scott,NOR,1976,27,73,201,64.5,103,10.3,162,6,4.22,11,60,3.33,2.1,54.2,8,3.2,4.6,4,1,1,24,2,4,5.6,1065,NA,96.8,190,11.2,236,78.67,6.8,5.6,113.7,47.4,166,498,3,30,10,26,8.67,3371,1123.67,1971,21,14,2,340,Saints,Tennessee
Boomer Esiason,CIN,1985,24,77,224,93.2,251,13.7,289,12,6.81,15,68,6.81,NA,58.2,14,2.8,8,14,1,1,32,7,27,8,3443,NA,229.5,431,6.9,461,153.67,7.4,6.9,126,54.2,283.33,850,3,42,14,27,9,6259,2086.33,1984,1,2,10,38,Bengals,Maryland
Brad Johnson,MIN,1996,28,77,226,89.4,195,11.6,119,10,6.56,12,82,6.22,5.5,62.7,8,3.2,6.9,7,2,3,15,5,17,7.3,2258,NA,188.2,311,4.6,161,40.25,7,6.5,134.9,64.7,62.25,249,4,14,3.5,9,2.25,1746,436.5,1992,14,9,3,227,Vikings,Florida State
Brady Quinn,CLE,2009,25,76,232,67.2,136,9.8,104,7,4.49,10,59,3.93,3.1,53.1,9,2.7,4.6,2,0,1,19,2,8,5.2,1339,33.37,133.9,256,6.9,929,232.25,7.3,7.4,134.4,58,400.5,1602,4,95,23.75,39,9.75,11762,2940.5,2007,2,1,22,22,Browns,Notre Dame
Brandon Weeden,CLE,2012,29,76,221,72.6,297,11.4,186,17,5.87,15,71,4.98,2.7,57.4,15,3.3,5.6,8,1,1,28,5,14,6.5,3385,26.6,225.7,517,5.1,766,191.5,8.4,8.7,157.7,69.5,275.5,1102,4,75,18.75,27,6.75,9260,2315,2012,4,1,22,22,Browns,Oklahoma State
Brett Favre,GNB,1992,23,74,225,85.3,302,10.7,208,13,5.98,15,76,5.53,3.8,64.1,13,2.8,6.4,12,3,3,34,8,18,6.9,3227,NA,215.1,471,6.7,613,153.25,6.6,6.2,116.6,52.4,292.25,1169,4,52,13,34,8.5,7695,1923.75,1991,3,2,6,33,Falcons,Southern Mississippi
Brooks Bollinger,NYJ,2005,26,73,205,72.9,150,10.4,193,6,4.58,11,60,4.14,2.6,56.4,9,2.3,5.4,5,1,0,32,2,7,5.9,1558,NA,141.6,266,10.7,405,101.25,7.3,7.2,126.4,53.7,188.5,754,4,36,9,17,4.25,5511,1377.75,2003,10,6,27,200,Jets,Wisconsin
Browning Nagle,NYJ,1992,24,75,225,55.7,192,11.9,215,17,4.99,14,51,3.48,1.8,49.6,13,4.4,4.3,5,0,0,27,3,7,5.9,2280,NA,162.9,387,6.5,333,111,7.8,7.3,131.7,55.7,199.33,598,3,32,10.67,21,7,4653,1551,1991,4,2,7,34,Jets,Louisville
Bruce Mathison,BUF,1985,26,75,205,53.5,113,NA,203,14,5.73,10,60,3.53,1.8,49.6,7,6.1,4.8,4,NA,NA,22,1,4,7.2,1635,NA,163.5,228,8.8,14,4.67,5.7,3.6,88.4,42.4,11,33,3,1,0.33,2,0.67,189,63,1983,12,10,21,272,Chargers,Nebraska
Bubby Brister,PIT,1988,26,75,205,65.3,175,15.1,292,14,5.77,13,89,4.76,3,47.3,13,3.8,6,10,1,1,36,4,11,7.1,2634,NA,202.6,370,8.9,71,35.5,4.6,3.6,88.5,50.7,70,140,2,2,1,4,2,646,323,1986,4,3,12,67,Steelers,N.E. Louisiana
Byron Leftwich,JAX,2003,23,77,245,73,239,11.8,90,16,6.24,15,84,5.24,3.3,57.2,13,3.8,5.7,9,1,2,19,5,14,6.7,2819,NA,187.9,418,4.3,939,187.8,8.3,8.6,150.9,65.1,288.4,1442,5,89,17.8,28,5.6,11903,2380.6,2003,2,1,7,7,Jaguars,Marshall
Cade McNown,CHI,2000,23,73,208,68.5,154,10.7,169,9,4.81,10,68,4.01,2.9,55,9,3.2,5,4,0,1,27,1,8,5.9,1646,NA,164.6,280,8.8,675,168.75,8.5,8.1,138.5,55.5,304,1216,4,66,16.5,40,10,10368,2592,1999,5,1,12,12,Bears,UCLA
Cam Newton,CAR,2011,22,77,248,84.5,310,13.1,260,17,6.87,16,91,6.24,4.1,60,16,3.3,7.2,18,1,1,35,6,21,7.8,4051,55.04,253.2,517,6.3,191,63.67,10,10.9,178.2,65.4,97.33,292,3,30,10,7,2.33,2908,969.33,2011,1,1,1,1,Panthers,Auburn
Carson Palmer,CIN,2004,25,77,230,77.3,263,11,178,18,5.95,13,76,4.96,4.2,60.9,13,4.2,5.7,8,2,3,25,6,18,6.7,2897,NA,222.8,432,5.5,912,182.4,7.6,7.1,131.7,59.1,308.6,1543,5,72,14.4,49,9.8,11668,2333.6,2003,1,1,1,1,Bengals,USC
Chad Henne,MIA,2009,24,75,228,75.2,274,10.5,176,14,5.66,14,67,4.85,2.7,60.8,13,3.1,5.5,8,3,3,26,7,12,6.4,2878,51.31,205.6,451,5.5,828,207,7,7.1,133.9,59.7,346.75,1387,4,87,21.75,37,9.25,9715,2428.75,2008,4,2,26,57,Dolphins,Michigan
Chad Pennington,NYJ,2002,26,75,225,NA,275,11.3,135,6,7.09,15,47,7.49,NA,NA,12,1.5,8.2,12,1,2,22,8,22,7.8,3120,NA,208,399,5.2,848,282.67,8.6,9.2,157.6,63.6,444.67,1334,3,107,35.67,30,10,11446,3815.33,2000,1,1,18,18,Jets,Marshall
Charley Johnson,STL,1962,24,73,200,65.9,150,16.3,NA,20,NA,11,86,NA,5.2,48.7,10,6.5,6,9,1,0,NA,3,16,7.9,2440,NA,221.8,308,NA,109,109,7.6,7.5,134.1,54.8,199,199,1,13,13,6,6,1511,1511,1960,10,10,1,109,Cardinals,New Mexico State
Charlie Batch,DET,1998,24,74,220,83.5,173,12.6,222,6,5.75,12,NA,5.61,3.6,57.1,12,2,7,9,2,2,37,5,11,7.2,2178,NA,181.5,303,10.9,579,144.75,7.6,7.3,133.2,58,249.5,998,4,53,13.25,31,7.75,7592,1898,1998,3,2,30,60,Lions,Eastern Michigan
Charlie Frye,CLE,2006,25,76,217,72.2,252,9.7,262,17,5.03,13,75,3.73,2.6,64.3,13,4.3,4.8,5,NA,NA,44,4,10,6.3,2454,NA,188.8,392,10.1,913,228.25,7.7,7.6,138.5,63.6,359,1436,4,64,16,32,8,11049,2762.25,2005,4,3,3,67,Browns,Akron
Chris Chandler,IND,1988,23,76,224,67.2,129,12.6,128,12,5.94,15,54,4.43,3.4,55.4,13,5.2,5.3,8,1,1,18,9,8,6.9,1619,NA,107.9,233,7.2,346,115.33,6.8,5.8,118.9,54.1,213,639,3,32,10.67,29,9.67,4360,1453.33,1988,2,3,21,76,Colts,Washington
Chris Miller,ATL,1988,23,74,212,67.3,184,11.6,207,12,5.14,13,68,4.28,3.1,52.4,13,3.4,5.2,5,1,3,24,5,11,6.1,2133,NA,164.1,351,6.4,560,140,6.6,5.7,116.4,55.2,253.75,1015,4,42,10.5,39,9.75,6681,1670.25,1987,3,1,13,13,Falcons,Oregon
Chris Simms,TAM,2005,25,76,220,81.4,191,10.7,205,7,5.35,11,78,5.01,3.2,61,10,2.2,6.1,6,3,3,29,6,10,6.5,2035,NA,185,313,8.5,535,133.75,7.8,7.5,138.3,58.7,227.75,911,4,58,14.5,31,7.75,7093,1773.25,2003,6,3,33,97,Buccaneers,Texas
Chris Weinke,CAR,2001,29,76,232,62,293,10,177,19,4.87,15,48,3.74,2,54.3,15,3.5,4.3,7,NA,NA,26,1,11,5.4,2931,NA,195.4,540,4.6,650,162.5,8.9,9,151.1,58.7,276.75,1107,4,79,19.75,32,8,9839,2459.75,2001,5,4,11,106,Panthers,Florida State
Christian Ponder,MIN,2011,23,74,229,70.1,158,11.7,164,13,5.26,11,72,4.25,4.5,54.3,10,4.5,5.3,5,0,1,30,2,13,6.4,1853,33.73,168.5,291,9.3,596,149,7.1,6.7,132.1,61.8,241.25,965,4,49,12.25,30,7.5,6872,1718,2011,4,1,12,12,Vikings,Florida State
Chuck Long,DET,1987,24,76,217,63.4,232,11.2,127,NA,5.71,12,53,4.14,2.6,55.8,12,4.8,4.6,7,0,1,17,3,11,6.2,2598,NA,216.5,416,3.9,734,146.8,8.6,7.9,148.4,64.4,228,1140,5,70,14,50,10,9838,1967.6,1986,2,1,12,12,Lions,Iowa
Colin Kaepernick,SFO,2012,25,77,233,98.3,136,13.3,112,3,7.27,13,57,7.55,4.6,62.4,7,1.4,NA,9,2,2,16,5,10,8.3,1814,76.79,139.5,218,6.8,740,185,7.9,8.4,142.5,58.2,317.75,1271,4,82,20.5,24,6,10098,2524.5,2011,6,2,4,36,49ers,Nevada
Colt McCoy,CLE,2010,23,74,209,74.5,135,11.7,132,9,5.89,8,47,4.73,2.7,60.8,8,4.1,5.8,5,NA,NA,23,2,6,7.1,1576,44.98,197,222,9.4,1157,289.25,8.1,8.2,155,70.3,411.25,1645,4,112,28,45,11.25,13253,3313.25,2010,4,3,21,85,Browns,Texas
Craig Erickson,TAM,1993,24,74,209,66.4,233,13.1,236,21,5.73,16,67,4.54,3.9,51,15,4.6,5.4,8,NA,NA,35,5,18,6.7,3054,NA,190.9,457,7.1,394,131.33,8.1,7.9,136.7,56,234.33,703,3,40,13.33,21,7,5677,1892.33,1991,8,5,20,131,Eagles,Miami (FL)
Craig Erickson,TAM,1993,24,74,209,66.4,233,13.1,236,21,5.73,16,67,4.54,3.9,51,15,4.6,5.4,8,NA,NA,35,5,18,6.7,3054,NA,190.9,457,7.1,394,131.33,8.1,7.9,136.7,56,234.33,703,3,40,13.33,21,7,5677,1892.33,1992,5,4,2,86,Buccaneers,Miami (FL)
Craig Morton,DAL,1969,26,76,214,85.4,162,NA,246,15,NA,13,67,NA,7,53.6,13,5,NA,12,2,2,30,10,21,NA,2619,NA,201.5,302,9,355,118.33,7,6,123.2,55.4,213.67,641,3,36,12,31,10.33,4501,1500.33,1965,2,1,5,5,Cowboys,California
Craig Whelihan,SDG,1997,26,77,220,58.3,118,11.5,168,10,4.61,9,61,3.33,2.5,49.8,7,4.2,4.3,1,NA,NA,21,0,6,5.7,1357,NA,150.8,237,8.1,300,100,6.4,5.8,113,50.8,197,591,3,27,9,20,6.67,3797,1265.67,1995,13,6,26,197,Chargers,Pacific
Curtis Painter,IND,2011,26,76,230,66.6,132,11.7,104,9,5.55,9,87,4.45,2.5,54.3,8,3.7,5.2,2,NA,NA,16,0,6,6.3,1541,NA,171.2,243,6.2,987,246.75,6.8,6.3,124.6,59.9,412,1648,4,67,16.75,46,11.5,11163,2790.75,2009,11,6,28,201,Colts,Purdue
Dan Fouts,SDG,1974,23,75,204,61.4,115,NA,99,13,6.56,11,75,4.85,3.4,48.5,11,5.5,5.5,7,2,2,12,3,8,7.3,1732,NA,157.5,237,4.8,482,160.67,6.3,4.5,104.6,50.4,318.67,956,3,37,12.33,54,18,5995,1998.33,1973,6,3,12,64,Chargers,Oregon
Dan Marino,MIA,1983,22,76,224,96,173,12.8,80,6,6.96,11,85,NA,6.8,58.4,9,2,7.9,10,1,2,10,7,20,7.5,2210,NA,200.9,296,NA,693,173.25,7.1,5.9,127.7,57.6,301,1204,4,79,19.75,69,17.25,8597,2149.25,1983,6,1,27,27,Dolphins,Pittsburgh
Dan Orlovsky,DET,2008,25,77,230,72.6,143,11.3,95,8,5.65,10,96,4.91,3.1,56.1,7,3.1,5.6,4,NA,NA,14,0,8,6.3,1616,47.98,161.6,255,5.2,788,262.67,7.2,7,134,60.7,432.67,1298,3,75,25,40,13.33,9327,3109,2005,9,5,9,145,Lions,Connecticut
Danny Kanell,NYG,1997,24,75,218,70.7,156,11.2,171,9,5.01,16,68,4.42,3.7,53.1,10,3.1,5.3,5,1,3,19,7,11,5.9,1740,NA,108.8,294,6.1,529,132.25,7.5,7.5,141.1,62.2,212.75,851,4,57,14.25,26,6.5,6372,1593,1996,4,4,35,130,Giants,Florida State
Danny White,DAL,1980,28,74,193,80.7,260,12.6,252,25,6.51,16,58,5.3,6.4,59.6,16,5.7,6.2,14,2,2,30,12,28,7.5,3287,NA,205.4,436,6.4,345,115,9.1,8.5,148.8,53.2,216.33,649,3,59,19.67,36,12,5932,1977.33,1974,1,3,1,53,Cowboys,Arizona State
Daryle Lamonica,OAK,1967,26,75,215,80.8,220,14.7,NA,20,NA,14,72,NA,NA,51.8,14,NA,6.9,16,1,1,NA,13,NA,7.6,3228,NA,230.6,425,NA,99,33,6.5,3.8,98.5,46.9,70.33,211,3,8,2.67,16,5.33,1363,454.33,1963,7,12,14,168,Packers,Notre Dame
Daunte Culpepper,MIN,2000,23,76,264,98,297,13.3,181,16,7.39,16,78,7.28,NA,62.7,16,3.4,8.2,21,3,4,34,11,NA,8.3,3937,NA,246.1,474,6.7,721,240.33,8.5,8.5,153.1,65.7,365.67,1097,3,72,24,32,10.67,9341,3113.67,1999,4,1,11,11,Vikings,Central Florida
David Carr,HOU,2002,23,75,215,62.8,233,11.1,NA,15,4.19,16,81,3.24,2,52.5,16,3.4,4.7,5,2,3,NA,4,9,5.8,2592,NA,162,444,14.6,529,132.25,8.2,8.6,150.6,62.7,211,844,4,61,15.25,20,5,6918,1729.5,2002,1,1,1,1,Texans,Fresno State
David Klingler,CIN,1993,24,75,210,66.6,190,10.2,202,9,4.52,14,51,3.78,1.7,55.4,13,2.6,4.8,5,1,1,40,3,6,5.6,1935,NA,138.2,343,10.4,726,181.5,7.5,7.6,138.2,57.6,315.25,1261,4,91,22.75,38,9.5,9430,2357.5,1992,1,1,6,6,Bengals,Houston
David Woodley,MIA,1980,22,74,210,63.1,176,10.5,127,17,5.01,13,61,3.6,4.3,53.8,11,5.2,4.2,5,1,2,17,6,14,5.7,1850,NA,142.3,327,4.9,146,48.67,6.8,5.1,103,47.4,102.67,308,3,8,2.67,15,5,2081,693.67,1980,12,8,21,214,Dolphins,Louisiana State
Derek Anderson,CLE,2007,24,78,229,82.5,298,NA,109,19,6.8,16,78,6.29,5.5,56.5,15,3.6,6.7,14,2,2,14,10,29,7.2,3787,NA,236.7,527,2.6,768,192,7.4,6.8,122.7,50.7,378.75,1515,4,79,19.75,57,14.25,11249,2812.25,2005,11,6,39,213,Ravens,Oregon State
Dick Shiner,PIT,1968,26,72,201,64.5,148,12.5,NA,17,NA,13,61,NA,5.9,48.7,11,5.6,4.8,7,NA,NA,NA,2,18,6.1,1856,NA,142.8,304,NA,287,95.67,6.4,4.2,106.9,53.5,178.67,536,3,21,7,35,11.67,3410,1136.67,1964,8,7,3,87,Redskins,Maryland
Don Majkowski,GNB,1988,24,74,197,67.8,178,11.9,176,11,5.29,13,56,4.44,2.7,53,9,3.3,5.4,6,NA,NA,31,3,9,6.3,2119,NA,163,336,8.4,294,73.5,6.7,5.2,108.3,49.3,149,596,4,23,5.75,31,7.75,4019,1004.75,1987,13,10,4,255,Packers,Virginia
Don Meredith,DAL,1962,24,75,210,84.2,105,16,NA,8,NA,13,69,NA,7.1,49.5,9,3.8,7.6,9,NA,NA,NA,3,15,7.9,1679,NA,129.2,212,NA,241,80.33,7.9,6.6,136.8,61,131.67,395,3,25,8.33,23,7.67,3130,1043.33,1960,5,3,8,32,Bears,Southern Methodist
Don Strock,MIA,1978,28,77,220,83.1,72,11.5,73,6,5.22,16,57,5.01,8.9,53.3,7,4.4,5.9,4,NA,NA,9,5,12,6.1,825,NA,51.6,135,6.3,440,146.67,7.2,5.4,114.2,53.1,276.33,829,3,29,9.67,47,15.67,6009,2003,1973,9,5,7,111,Dolphins,Virginia Tech
Donovan McNabb,PHI,2000,24,74,240,77.8,330,10.2,262,13,5.05,16,70,4.79,3.7,58,16,2.3,5.6,16,2,3,45,11,21,5.9,3365,NA,210.3,569,7.3,562,140.5,8.9,9.2,153.5,58.1,242,968,4,78,19.5,27,6.75,8581,2145.25,1999,2,1,2,2,Eagles,Syracuse
Doug Flutie,NWE,1988,26,70,180,63.3,92,12.5,65,10,5.71,11,80,4.18,4.5,51.4,9,5.6,4.8,3,1,1,11,6,8,6.4,1150,NA,104.5,179,5.8,690,172.5,8.2,7.4,130.9,52.8,327,1308,4,70,17.5,56,14,10759,2689.75,1985,10,11,5,285,Rams,Boston College
Doug Williams,TAM,1978,23,76,220,53.4,73,16,69,8,5.51,10,56,4.41,3.6,37.6,10,4.1,4.9,5,1,1,6,4,7,6,1170,NA,117,194,3,181,181,9.3,9.2,155.2,51.4,352,352,1,38,38,18,18,3286,3286,1978,1,1,17,17,Buccaneers,Grambling State
Drew Bledsoe,NWE,1993,21,77,238,65,214,11.7,99,15,5.38,13,54,4.54,3.5,49.9,12,3.5,4.9,6,2,2,16,5,15,5.8,2494,NA,191.8,429,3.6,532,177.33,7.5,6.9,126.2,54.3,326.33,979,3,46,15.33,34,11.33,7373,2457.67,1993,1,1,1,1,Patriots,Washington State
Drew Brees,SDG,2002,23,72,209,76.9,320,10.3,180,16,5.64,16,52,4.95,3.2,60.8,16,3,5.5,10,2,4,24,8,17,6.2,3284,NA,205.3,526,4.4,1003,250.75,7,6.9,132.4,61.2,409.75,1639,4,88,22,45,11.25,11517,2879.25,2001,2,2,1,32,Chargers,Purdue
Eli Manning,NYG,2004,23,76,218,55.4,95,11,83,9,4.57,9,52,3.21,3,48.2,7,4.6,3.8,0,1,1,13,1,6,5.3,1043,NA,115.9,197,6.2,829,207.25,7.4,7.5,137.7,60.8,340.75,1363,4,81,20.25,35,8.75,10119,2529.75,2004,1,1,1,1,Chargers,Mississippi
Eric Hipple,DET,1981,24,74,196,73.4,140,NA,208,15,7.03,16,94,5.74,5,50.2,10,5.4,7,10,2,2,27,6,14,NA,2358,NA,147.4,279,8.8,385,128.33,7.6,6.5,124.9,55.1,233,699,3,32,10.67,32,10.67,5313,1771,1980,4,4,2,85,Lions,Utah State
Fran Tarkenton,MIN,1961,21,72,190,74.7,157,12.7,NA,17,NA,14,71,NA,6.4,56.1,10,6.1,5.7,11,NA,NA,NA,2,18,7.1,1997,NA,142.6,280,NA,186,62,6.6,4.9,120.4,58.7,105.67,317,3,18,6,20,6.67,2100,700,1961,2,3,1,29,Vikings,Georgia
Frank Reich,NYJ,1996,35,76,210,68.9,175,12.6,94,16,6.12,11,52,4.9,4.5,52.9,7,4.8,5.4,5,NA,NA,14,1,15,6.7,2205,NA,200.5,331,4.1,132,44,8.1,7.6,140.1,62.9,70,210,3,10,3.33,7,2.33,1704,568,1985,2,3,1,57,Bills,Maryland
Frank Ryan,CLE,1962,26,75,199,85.4,112,13.8,NA,7,NA,11,65,NA,5.2,57.7,7,3.6,7.4,10,1,0,NA,3,10,7.9,1541,NA,140.1,194,NA,81,40.5,7,5.3,121.1,56.6,71.5,143,2,8,4,9,4.5,997,498.5,1958,5,5,6,55,Rams,Rice
Gary Hogeboom,DAL,1984,26,76,205,63.7,195,12.1,211,14,5.48,16,68,4.24,1.9,53.1,10,3.8,5.1,5,1,2,26,6,7,6.4,2366,NA,147.9,367,6.6,198,66,8.1,7,129.3,54.2,121.67,365,3,18,6,17,5.67,2957,985.67,1980,8,5,23,133,Cowboys,Central Michigan
Gifford Nielsen,HOU,1983,29,76,205,62.2,90,12.5,163,8,4.88,7,48,3.56,2.9,51.4,7,4.6,4.9,3,NA,NA,22,0,5,6.4,1125,NA,160.7,175,11.2,98,49,7.5,8.7,155.7,62.8,78,156,2,16,8,3,1.5,1167,583.5,1978,5,3,17,73,Oilers,Brigham Young
Gus Frerotte,WAS,1995,24,75,237,70.2,199,NA,192,13,6.11,16,73,5.33,3.3,50.3,11,3.3,6.1,8,1,0,23,3,13,6.9,2751,NA,171.9,396,5.5,432,108,6.4,5.1,107.2,50.2,215,860,4,32,8,38,9.5,5480,1370,1994,6,7,3,197,Redskins,Tulsa
Heath Shuler,WAS,1994,23,74,216,59.6,120,NA,83,12,5.69,11,81,4.46,3.8,45.3,8,4.5,5,4,NA,NA,12,1,10,6.3,1658,NA,150.7,265,4.3,316,105.33,8,8.3,147,61.6,171,513,3,36,12,12,4,4089,1363,1994,1,1,3,3,Redskins,Tennessee
Hugh Millen,NWE,1991,28,77,216,72.5,246,12.5,379,18,5.82,13,60,4.46,2.2,60.1,13,4.4,6,8,3,4,54,5,9,7.5,3073,NA,236.4,409,11.7,247,123.5,6,4.1,105.1,56.8,217.5,435,2,11,5.5,23,11.5,2616,1308,1986,5,3,16,71,Rams,Washington
Jack Thompson,TAM,1983,27,75,217,73.3,249,11.7,289,21,5.66,14,80,4.4,4.3,58.9,13,5,5.5,7,NA,NA,39,2,18,6.9,2906,NA,207.6,423,8.4,601,150.25,7.2,6.1,122.9,55.3,271.5,1086,4,53,13.25,49,12.25,7818,1954.5,1979,1,1,3,3,Bengals,Washington State
Jack Trudeau,IND,1986,24,75,227,53.5,204,10.9,213,18,4.51,12,84,3.05,1.9,48.9,11,4.3,3.8,2,NA,NA,29,0,8,5.3,2225,NA,185.4,417,6.5,736,184,7.1,6.5,131.4,63.9,287.75,1151,4,51,12.75,38,9.5,8146,2036.5,1986,3,2,20,47,Colts,Illinois
Jake Locker,TEN,2012,24,75,231,74,177,12.3,151,11,5.97,11,71,5.1,3.2,56.4,11,3.5,6,6,0,1,25,4,10,6.9,2176,48.07,197.8,314,7.4,619,154.75,6.7,6.2,119,53.9,287,1148,4,53,13.25,35,8.75,7639,1909.75,2011,2,1,8,8,Titans,Washington
Jake Plummer,ARI,1997,23,74,212,73.1,157,NA,291,15,5.49,10,70,4.42,5.1,53,9,5.1,6.2,7,2,2,52,3,15,7.4,2203,NA,220.3,296,14.9,613,153.25,7.8,7.6,133.8,55.4,276.75,1107,4,64,16,34,8.5,8626,2156.5,1997,2,2,12,42,Cardinals,Arizona State
JaMarcus Russell,OAK,2008,23,78,265,77.1,198,12.2,210,8,5.55,15,84,5.3,3.5,53.8,15,2.2,6.3,7,1,2,31,5,13,6.6,2423,NA,161.5,368,7.8,493,164.33,8.3,8.4,147.9,61.9,265.67,797,3,52,17.33,21,7,6625,2208.33,2007,1,1,1,1,Raiders,Louisiana State
James Harris,RAM,1974,27,76,210,85.1,106,14.6,101,6,6.87,11,50,6.63,5.6,53.5,9,3,7.5,10,2,NA,12,7,11,7.8,1544,NA,140.4,198,5.7,3,3,6.8,8.8,120.1,30,10,10,1,1,1,0,0,68,68,1969,7,8,10,192,Bills,Grambling State
Jason Campbell,WAS,2006,25,77,223,76.5,110,11.8,55,6,5.8,7,66,5.48,4.8,53.1,7,2.9,5.9,5,1,1,7,2,10,6.3,1297,NA,185.3,207,3.3,552,138,8.5,8.3,148.2,64.6,213.5,854,4,45,11.25,24,6,7299,1824.75,2005,3,1,25,25,Redskins,Auburn
Jay Cutler,DEN,2007,24,75,225,88.1,297,11.8,153,14,6.77,16,68,6.3,4.3,63.6,16,3,7,12,2,3,27,7,20,7.5,3497,NA,218.6,467,5.5,710,177.5,7,6.6,125.9,57.2,310.5,1242,4,59,14.75,36,9,8697,2174.25,2006,3,1,11,11,Broncos,Vanderbilt
Jay Schroeder,WAS,1986,25,76,215,72.9,276,NA,240,22,6.8,16,71,5.83,4.1,51,16,4.1,6.6,15,4,5,28,12,22,7.6,4109,NA,256.8,541,4.9,41,41,9.7,8.9,150.6,58.6,70,70,1,4,4,3,3,681,681,1984,4,3,27,83,Redskins,UCLA
Jeff Blake,CIN,1994,24,73,223,76.9,156,NA,120,9,6.26,10,76,5.87,4.6,51,9,2.9,6.6,7,3,2,19,3,14,7,2154,NA,215.4,306,5.8,360,90,7.7,7.6,133.9,54,166.75,667,4,43,10.75,20,5,5133,1283.25,1992,9,6,26,166,Jets,East Carolina
Jeff Hostetler,NYG,1991,30,75,215,84.1,179,11.4,100,4,6.33,12,55,6.07,1.8,62.8,12,NA,6.8,10,1,2,20,7,5,7.1,2032,NA,169.3,285,6.6,324,81,7,6.6,118.8,51.3,158,632,4,27,6.75,18,4.5,4452,1113,1984,2,3,3,59,Giants,West Virginia
Jesse Freitas,CHR,1948,27,70,170,67.9,84,17,NA,16,NA,10,0,NA,8.4,50.3,9,9.6,5.9,0,0,0,NA,NA,14,8.5,1425,NA,142.5,167,NA,14,14,7.4,4.3,96.8,48.3,29,29,1,0,0,2,2,215,215,1974,8,6,3,133,Chargers,San Diego State
Jim Everett,RAM,1987,24,77,212,68.4,162,12.7,139,13,6.03,11,81,4.83,3.3,53.6,11,4.3,5.6,8,0,1,17,5,10,6.8,2064,NA,187.6,302,5.3,572,114.4,7.7,7,131.7,59.3,193,965,5,43,8.6,33,6.6,7411,1482.2,1986,1,1,3,3,Oilers,Purdue
Jim Harbaugh,CHI,1990,27,75,215,81.9,180,12.1,206,6,5.75,14,80,5.55,3.2,57.7,14,1.9,6.8,10,1,3,31,10,10,7,2178,NA,155.6,312,9,387,96.75,8.8,8.2,145.6,62.4,155,620,4,31,7.75,22,5.5,5449,1362.25,1987,4,1,26,26,Bears,Michigan
Jim Kelly,BUF,1986,26,75,217,83.3,285,12.6,330,17,6.24,16,84,5.62,4.6,59.4,16,3.5,6.8,12,NA,NA,43,4,22,7.5,3593,NA,224.6,480,8.2,376,94,7.7,6.8,128.4,55.6,169,676,4,33,8.25,28,7,5228,1307,1983,3,1,14,14,Bills,Miami (FL)
Jim McMahon,CHI,1982,23,73,195,79.9,120,12.5,196,7,5.51,8,50,4.94,4.3,57.1,7,3.3,6.5,8,0,1,27,3,9,7.1,1501,NA,187.6,210,11.4,653,163.25,9,9.1,156.9,61.6,265,1060,4,84,21,34,8.5,9536,2384,1982,2,1,5,5,Bears,Brigham Young
Jim Miller,CHI,2001,30,74,226,74.9,228,10.1,72,10,5.49,14,66,5.02,3.3,57.7,13,2.5,5.3,7,3,3,11,11,13,5.8,2299,NA,164.2,395,NA,467,116.75,6.8,5.5,119.1,62.6,186.5,746,4,17,4.25,29,7.25,5037,1259.25,1956,17,28,5,330,Cardinals,Wisconsin
Jim Miller,CHI,2001,30,74,226,74.9,228,10.1,72,10,5.49,14,66,5.02,3.3,57.7,13,2.5,5.3,7,3,3,11,11,13,5.8,2299,NA,164.2,395,NA,467,116.75,6.8,5.5,119.1,62.6,186.5,746,4,17,4.25,29,7.25,5037,1259.25,1994,5,6,17,178,Steelers,Michigan State
Jim Ninowski,DET,1960,24,73,206,40.9,134,11.9,NA,18,NA,11,55,NA,0.7,47.3,10,6.4,2.9,6,0,1,NA,5,2,5.7,1599,NA,145.4,283,NA,58,29,8.7,8,144.7,52.7,55,110,2,10,5,6,3,955,477.5,1958,3,4,12,49,Browns,Michigan State
Jim Plunkett,NWE,1971,24,75,220,68.6,158,13.7,319,16,5.05,14,88,4.12,5.8,48.2,14,4.9,5.5,11,1,1,36,6,19,6.6,2158,NA,154.1,328,9.9,550,183.33,7.9,6.8,129.5,55.4,330.67,992,3,53,17.67,48,16,7809,2603,1971,1,1,1,1,Patriots,Stanford
Jimmy Clausen,CAR,2010,23,75,217,58.4,157,9.9,223,9,4.02,13,55,2.98,1,52.5,10,3,4.1,0,NA,NA,33,1,3,5.2,1558,11.78,119.8,299,9.9,695,231.67,7.3,7.3,137.2,62.6,370,1110,3,60,20,27,9,8148,2716,2010,3,2,16,48,Panthers,Notre Dame
Joe Ferguson,BUF,1973,23,73,195,45.8,73,12.9,164,10,4.21,14,42,2.2,2.4,44.5,14,6.1,3.5,5,2,1,20,9,4,5.7,939,NA,67.1,164,10.9,327,109,7.3,5.7,116.9,53.5,203.67,611,3,24,8,32,10.67,4431,1477,1973,5,3,5,57,Bills,Arkansas
Joe Flacco,BAL,2008,23,78,232,80.3,257,11.6,276,12,5.86,16,70,5.29,3.3,60,16,2.8,6.3,11,1,2,32,11,14,6.9,2971,43.23,185.7,428,7,1,1,2.8,2.8,48.1,25,4,4,1,0,0,0,0,11,11,2008,2,1,18,18,Ravens,Delaware
Joe Kapp,MIN,1967,29,74,215,48.2,102,13.6,NA,17,NA,13,85,NA,3.7,47.7,11,7.9,3.6,4,3,2,NA,3,8,6.5,1386,NA,106.6,214,NA,146,48.67,6.6,2.7,95.2,51,95.33,286,3,7,2.33,28,9.33,1896,632,1959,11,18,5,209,Redskins,California
Joe Montana,SFO,1980,24,74,200,87.8,176,10.2,100,9,5.89,15,71,5.52,5.5,NA,7,3.3,6.2,6,1,1,15,2,15,6.6,1795,NA,119.7,273,5.2,268,89.33,8,6.8,125.6,52,171.67,515,3,25,8.33,25,8.33,4121,1373.67,1979,4,3,26,82,49ers,Notre Dame
Joe Namath,NYJ,1965,22,74,200,68.7,164,13.5,NA,15,NA,13,62,NA,5.3,48.2,9,4.4,5.6,9,NA,NA,NA,3,18,6.5,2220,NA,170.8,340,NA,203,67.67,7.3,6.1,125.7,54.3,124.67,374,3,24,8,20,6.67,2713,904.33,1965,1,1,1,1,Jets,Alabama
Joe Namath,NYJ,1965,22,74,200,68.7,164,13.5,NA,15,NA,13,62,NA,5.3,48.2,9,4.4,5.6,9,NA,NA,NA,3,18,6.5,2220,NA,170.8,340,NA,203,67.67,7.3,6.1,125.7,54.3,124.67,374,3,24,8,20,6.67,2713,904.33,1965,3,1,12,12,Cardinals,Alabama
Joe Reed,DET,1975,27,73,195,59.3,86,13.7,119,10,5.18,10,65,3.86,4.7,45,8,5.2,4.8,6,0,1,14,4,9,6.2,1181,NA,118.1,191,6.8,182,91,5.7,3.8,96.7,48.8,186.5,373,2,13,6.5,21,10.5,2118,1059,1971,15,11,23,283,49ers,Mississippi State
Joe Theismann,WAS,1978,29,72,192,61.6,187,13.9,NA,18,5.1,16,63,3.82,3.3,47.9,14,4.6,5.2,9,2,2,42,7,13,6.6,2593,NA,162.1,390,9.7,290,96.67,8.7,6.8,136.1,57,169.67,509,3,31,10.33,35,11.67,4411,1470.33,1971,8,4,21,99,Dolphins,Notre Dame
Joey Harrington,DET,2002,24,76,220,59.9,215,10.7,75,16,5.08,14,64,3.98,2.8,50.1,12,3.7,4.2,4,2,2,8,3,12,5.3,2294,NA,163.9,429,NA,465,116.25,7.3,7.5,131.6,54.3,214,856,4,53,13.25,21,5.25,6289,1572.25,2002,2,1,3,3,Lions,Oregon
John Brodie,SFO,1960,25,73,198,57.5,103,10.8,NA,9,NA,11,65,NA,2.9,49.8,8,4.3,4,6,2,2,NA,4,6,5.4,1111,NA,101,207,NA,139,139,6.8,5.2,119.9,57.9,240,240,1,12,12,14,14,1633,1633,1957,1,1,3,3,49ers,Stanford
John Elway,DEN,1983,23,75,215,54.9,123,13.5,218,14,5.03,11,49,3.33,2.7,47.5,10,5.4,4.5,4,1,1,28,4,7,6.4,1663,NA,151.2,259,9.8,774,193.5,7.5,7.3,139.3,62.1,311.5,1246,4,77,19.25,39,9.75,9349,2337.25,1983,1,1,1,1,Colts,Stanford
John Hadl,SDG,1962,22,73,214,43.3,107,15.3,NA,24,NA,14,72,NA,5.8,41.2,10,9.2,3.3,4,NA,NA,NA,1,15,6.3,1632,NA,116.6,260,NA,99,33,6.6,4.5,108.6,48.5,68,204,3,12,4,15,5,1345,448.33,1962,3,1,10,10,Lions,Kansas
John Reaves,PHI,1972,22,75,210,58.4,108,14,322,12,4.53,11,77,3,3.1,48.2,7,5.4,4.9,5,NA,NA,38,0,7,6.7,1508,NA,137.1,224,14.5,603,201,6.7,5.3,115,53.5,376,1128,3,54,18,59,19.67,7549,2516.33,1972,2,1,14,14,Eagles,Florida
Josh Freeman,TAM,2009,21,78,240,59.8,158,11.7,102,18,5.65,10,42,3.69,3.4,54.5,9,6.2,4.3,2,2,2,20,3,10,6.4,1855,26.08,185.5,290,6.5,680,226.67,7,6.5,124.7,59.1,383.67,1151,3,44,14.67,34,11.33,8078,2692.67,2009,3,1,17,17,Buccaneers,Kansas State
Josh McCown,ARI,2004,25,76,212,74.1,233,10.8,263,10,5.12,14,48,4.6,2.7,57.1,13,2.5,5.6,7,2,2,31,6,11,6.2,2511,NA,179.4,408,7.1,340,113.33,6.1,4.6,105.3,51.2,221.33,664,3,27,9,34,11.33,4022,1340.67,2002,4,3,16,81,Cardinals,Sam Houston State
Karl Sweetan,DET,1966,24,73,203,54.3,157,11.5,NA,14,NA,10,NA,NA,1.3,50.8,8,4.5,4.1,6,1,0,NA,2,4,5.9,1809,NA,180.9,309,NA,79,79,3.1,0.3,50.9,36.2,218,218,1,1,1,14,14,674,674,1965,16,18,11,249,Lions,Wake Forest
Kellen Clemens,NYJ,2007,24,74,224,60.9,130,11.8,138,10,5.02,10,56,3.76,2,52,8,4,4.7,3,1,2,27,3,5,6.1,1529,NA,152.9,250,9.7,613,153.25,7.5,7.7,139.4,61,251.25,1005,4,61,15.25,24,6,7555,1888.75,2006,4,2,17,49,Jets,Oregon
Kelly Stouffer,SEA,1992,28,75,210,47.7,92,9.8,222,9,3.14,9,33,1.54,1.6,48.4,7,4.7,2.9,-2,NA,NA,26,2,3,4.7,900,NA,100,190,12,577,192.33,7,6.1,120.2,56.8,338.33,1015,3,36,12,38,12.67,7142,2380.67,1987,2,1,6,6,Cardinals,Colorado State
Ken Dorsey,SFO,2004,23,76,218,62.4,123,10,94,9,4.76,9,59,3.56,2.7,54.4,7,4,4.2,0,0,1,13,1,6,5.4,1231,NA,136.8,226,5.4,668,167,8.3,8.7,147.4,57.9,288.25,1153,4,86,21.5,28,7,9565,2391.25,2003,13,7,27,241,49ers,Miami (FL)
Ken Stabler,OAK,1973,28,75,215,88.3,163,12.3,261,10,5.9,14,80,5.33,5.4,NA,11,3.8,7,10,1,NA,34,8,14,7.7,1997,NA,142.6,260,11.6,180,60,7.2,5.8,128,59.4,101,303,3,18,6,18,6,2196,732,1968,5,2,25,52,Raiders,Alabama
Kerry Collins,CAR,1995,23,77,248,61.9,214,12.7,150,19,5.62,15,89,4.36,3.2,49.4,13,4.4,4.9,5,1,3,24,7,14,6.3,2717,NA,181.1,433,5.3,370,92.5,8.1,7.8,137.3,56.3,164.25,657,4,39,9.75,21,5.25,5304,1326,1995,2,1,5,5,Panthers,Penn State
Kevin Kolb,ARI,2011,27,75,218,81.1,146,13.4,219,8,6.13,9,73,5.5,3.6,57.7,9,3.2,7,5,2,1,30,3,9,7.7,1955,34.45,217.2,253,10.6,964,241,8.3,8.5,145.1,61.6,391.25,1565,4,85,21.25,31,7.75,12964,3241,2007,3,2,4,36,Eagles,Houston
King Hill,CRD,1959,23,75,212,46.2,82,12.4,NA,13,NA,11,31,NA,3.9,45.3,11,7.2,3.1,6,0,0,NA,2,7,5.6,1015,NA,92.3,181,NA,91,45.5,8.8,6.1,126.5,54.5,83.5,167,2,7,3.5,13,6.5,1467,733.5,1958,1,1,1,1,Cardinals,Rice
Kordell Stewart,PIT,1997,25,73,218,75.2,236,12.8,152,17,6.23,16,69,5.48,4.8,53.6,16,3.9,6.1,16,NA,NA,20,11,21,6.9,3020,NA,188.8,440,4.3,456,114,8.3,8,136.5,58.1,196.25,785,4,33,8.25,19,4.75,6481,1620.25,1995,4,2,28,60,Steelers,Colorado
Kyle Boller,BAL,2003,22,75,220,62.4,116,10.9,92,9,4.85,11,73,3.75,3.1,51.8,9,4,4.4,3,NA,NA,17,5,7,5.6,1260,NA,114.5,224,7.1,621,155.25,6.1,5.5,108.2,47.8,325,1300,4,64,16,48,12,7980,1995,2003,3,1,19,19,Ravens,California
Kyle Orton,CHI,2005,23,76,226,59.7,190,9.8,190,13,4.22,15,54,3.2,2.4,51.6,15,3.5,4,2,0,1,30,10,9,5.1,1869,NA,124.6,368,7.5,748,187,7.1,7.2,130.8,59.3,315.5,1262,4,61,15.25,24,6,8918,2229.5,2005,7,4,5,106,Bears,Purdue
Len Dawson,DTX,1962,27,72,190,NA,189,14.6,NA,17,NA,14,92,NA,NA,NA,14,5.5,8.3,18,0,2,NA,11,NA,NA,2759,NA,197.1,310,NA,69,69,6.6,4.2,110.8,53.1,130,130,1,7,7,10,10,856,856,1957,2,1,5,5,Steelers,Purdue
Lynn Dickey,GNB,1976,27,75,214,52.2,115,12.7,279,14,4.38,10,69,2.57,2.9,47.3,10,5.8,4,5,3,3,28,4,7,6,1465,NA,146.5,243,10.3,501,167,6.2,3.9,99.6,50.4,331.33,994,3,29,9.67,64,21.33,6208,2069.33,1971,4,3,4,56,Oilers,Kansas State
Marc Bulger,STL,2002,25,75,215,101.5,138,13.2,102,6,NA,7,58,NA,6.5,64.5,7,2.8,NA,6,2,2,12,6,14,8.5,1826,NA,260.9,214,5.3,630,157.5,8,7.6,140.9,61.6,255.75,1023,4,59,14.75,34,8.5,8153,2038.25,2000,5,6,2,168,Saints,West Virginia
Marc Wilson,OAK,1981,24,78,205,58.9,173,13.4,241,19,5.23,13,66,3.78,3.8,47.3,9,5.2,4.7,5,NA,3,30,5,14,6.3,2311,NA,177.8,366,7.6,563,187.67,8.2,7.2,137.4,57.4,326.67,980,3,63,21,49,16.33,8017,2672.33,1980,1,1,15,15,Raiders,Brigham Young
Mark Brunell,JAX,1995,25,73,217,82.6,201,10.8,238,7,5.01,13,45,4.97,4.3,58.1,10,2,6.2,9,2,2,39,3,15,6.3,2168,NA,166.8,346,10.1,259,64.75,6.9,6.4,118.6,52,124.5,498,4,23,5.75,16,4,3423,855.75,1993,4,5,6,118,Packers,Washington
Mark Malone,PIT,1984,26,76,223,73.4,147,NA,211,17,6.48,13,61,4.99,5.9,54,9,6.3,6.2,8,1,3,25,6,16,7.9,2137,NA,164.4,272,8.4,255,85,6.5,5,107.6,49,173.33,520,3,23,7.67,28,9.33,3388,1129.33,1980,2,1,28,28,Steelers,Arizona State
Mark Rypien,WAS,1989,27,76,231,88.1,280,13.5,108,13,7.44,14,80,7.14,4.6,58.8,14,2.7,7.6,12,3,3,16,9,22,7.9,3768,NA,269.1,476,3.3,326,81.5,7.5,6.2,121.5,53.2,153.25,613,4,28,7,29,7.25,4573,1143.25,1986,8,6,8,146,Redskins,Washington State
Mark Sanchez,NYJ,2009,23,74,225,63,196,12.5,195,20,5.77,15,65,4.07,3.3,53.8,15,5.5,4.9,6,1,1,26,8,12,6.7,2444,31.64,162.9,364,6.7,313,104.33,8.1,8.3,153.9,64.3,162.33,487,3,41,13.67,16,5.33,3965,1321.67,2009,2,1,5,5,Jets,USC
Matt Cassel,NWE,2008,26,77,230,89.4,327,11.3,219,11,6.17,16,76,6.04,4.1,63.4,15,2.1,7,17,2,2,NA,10,21,7.2,3693,63.15,230.8,516,8.3,20,5,5.8,4.5,103.4,60.6,8.25,33,4,0,0,1,0.25,192,48,2005,13,7,16,230,Patriots,USC
Matt Cavanaugh,NWE,1981,25,74,212,59.8,115,14.2,165,13,6.04,16,65,4.05,2.3,52.5,8,5.9,5.2,5,NA,NA,24,1,5,7.5,1633,NA,102.1,219,9.9,205,68.33,9.3,9.1,154.4,56.6,120.67,362,3,31,10.33,16,5.33,3378,1126,1978,2,2,22,50,Patriots,Pittsburgh
Matt Hasselbeck,SEA,2001,26,76,223,70.9,176,11.5,251,8,4.94,13,64,4.32,2.2,54.8,12,2.5,5.6,7,0,2,38,5,7,6.3,2023,NA,155.6,321,10.6,390,97.5,6.5,5.4,113.1,55.6,175.25,701,4,22,5.5,26,6.5,4548,1137,1998,7,6,34,187,Packers,Boston College
Matt Leinart,ARI,2006,23,77,225,74,214,11.9,158,12,6,12,58,5.2,2.9,56.8,11,3.2,5.9,8,1,1,21,4,11,6.8,2547,NA,212.3,377,5.3,807,269,8.6,9.3,159.5,64.8,415,1245,3,99,33,23,7.67,10693,3564.33,2006,2,1,10,10,Cardinals,USC
Matt Robinson,NYJ,1978,23,74,196,63.5,124,NA,228,16,6.03,16,77,4.47,4.9,46.6,11,6,5.8,10,1,1,28,6,13,7.5,2002,NA,125.1,266,9.5,125,41.67,8.4,6.3,121.9,45.6,91.33,274,3,17,5.67,20,6.67,2295,765,1977,13,9,4,227,Jets,Georgia
Matt Ryan,ATL,2008,23,77,224,87.7,265,13,104,11,7.4,16,70,7.01,3.7,61.1,16,2.5,7.5,14,2,4,17,11,16,7.9,3440,74.09,215,434,3.8,807,201.75,6.9,6.5,126.3,60,336.5,1346,4,56,14,37,9.25,9313,2328.25,2008,1,1,3,3,Falcons,Boston College
Matt Schaub,HOU,2007,26,77,235,87.2,192,11.7,126,9,6.93,11,77,6.2,3.1,66.4,11,3.1,7,8,1,1,16,4,9,7.8,2241,NA,203.7,289,5.2,716,179,7,7,138.4,67,267.25,1069,4,56,14,26,6.5,7502,1875.5,2004,5,3,27,90,Falcons,Virginia
Matthew Stafford,DET,2009,21,74,230,61,201,11.3,169,20,5.23,10,75,3.64,3.4,53.3,10,5.3,4.3,3,1,1,24,2,13,6,2267,30,226.7,377,6,564,188,7.8,7.4,133.3,57.1,329,987,3,51,17,33,11,7731,2577,2009,1,1,1,1,Lions,Georgia
Michael Vick,ATL,2002,22,72,215,81.6,231,12.7,206,8,6.01,15,74,5.93,3.8,54.9,15,1.9,6.9,17,2,2,33,8,16,7,2936,NA,195.7,421,7.3,192,96,9.6,9.4,150.6,56,171.5,343,2,21,10.5,11,5.5,3299,1649.5,2001,1,1,1,1,Falcons,Virginia Tech
Mike Boryla,PHI,1976,25,75,200,53.4,123,10.1,235,14,3.68,11,48,2.04,3.7,50,10,5.7,3.2,3,1,1,29,3,9,5.1,1247,NA,113.4,246,10.5,337,112.33,6.4,5.2,113.1,52.9,212.33,637,3,31,10.33,30,10,4062,1354,1974,6,4,9,87,Bengals,Stanford
Mike Livingston,KAN,1973,28,76,212,65.2,75,12.2,124,7,4.92,8,48,3.71,4.1,51.7,8,4.8,5,4,NA,NA,16,4,6,6.3,916,NA,114.5,145,9.9,207,69,6.6,4.9,114.1,55.9,123.33,370,3,16,5.33,21,7,2432,810.67,1968,4,2,21,48,Chiefs,Southern Methodist
Mike McMahon,PHI,2005,26,74,215,55.2,94,12.3,96,8,4.7,9,48,3.55,2.4,45.4,7,3.9,4.3,1,2,2,19,2,5,5.6,1158,NA,128.7,207,8.4,482,120.5,6.8,5.2,109.7,49.5,243.5,974,4,41,10.25,52,13,6608,1652,2001,8,5,18,149,Lions,Rutgers
Mike Pagel,BAL,1982,22,74,206,62.4,111,11.5,129,7,4.86,9,53,3.95,2.3,50.2,9,3.2,4.8,6,1,0,16,0,5,5.8,1281,NA,142.3,221,6.8,405,101.25,6.6,6.2,121.8,51.5,196.5,786,4,54,13.5,31,7.75,5196,1299,1982,5,4,1,84,Colts,Arizona State
Mike Phipps,CLE,1972,25,75,208,61,144,13.8,183,16,5.52,14,80,4.12,4.3,47.2,13,5.2,5,11,NA,NA,23,10,13,6.5,1994,NA,142.4,305,7,375,125,7.4,6.3,120.7,51.2,244.33,733,3,37,12.33,34,11.33,5423,1807.67,1970,2,1,3,3,Browns,Purdue
Mike Taliaferro,BOS,1968,27,74,202,26.9,67,13.3,NA,15,NA,7,70,NA,2.3,38.1,7,8.5,1.7,-1,NA,NA,NA,3,4,5.1,889,NA,127,176,NA,117,29.25,5.3,1.8,73.3,38.7,75.5,302,4,7,1.75,27,6.75,1612,403,1963,6,10,12,138,Giants,Illinois
Milt Plum,CLE,1958,23,73,205,77.9,102,15.9,NA,11,NA,12,74,NA,5.8,54,12,5.8,7.1,9,NA,NA,NA,9,11,8.6,1619,NA,134.9,189,NA,40,40,9,6.4,136.7,53.3,75,75,1,6,6,7,7,675,675,1957,3,2,4,17,Browns,Penn State
Norm Snead,WAS,1961,22,76,215,51.6,172,13.6,NA,22,NA,14,80,NA,2.9,45.9,14,5.9,4.2,6,0,0,NA,1,11,6.2,2337,NA,166.9,375,NA,272,90.67,6.7,4.1,100.9,45.3,200.33,601,3,27,9,47,15.67,4040,1346.67,1961,1,1,2,2,Redskins,Wake Forest
Pat Haden,RAM,1976,23,71,182,94.8,60,14.9,86,4,6.86,10,65,6.69,7.6,57.1,7,3.8,8.3,5,2,2,13,5,8,8.5,896,NA,89.6,105,11,241,80.33,7,6,123.1,51.5,156,468,3,33,11,25,8.33,3288,1096,1975,9,7,20,176,Rams,USC
Pat Ryan,NYJ,1984,29,75,210,72,156,12.4,214,14,5.48,16,44,4.37,4.9,54.7,11,4.9,5.6,7,1,1,30,6,14,6.8,1939,NA,121.2,285,9.5,31,10.33,5.3,2.6,76.7,40.8,25.33,76,3,1,0.33,5,1.67,405,135,1978,13,11,3,281,Jets,Tennessee
Patrick Ramsey,WAS,2003,24,74,225,75.8,179,12.1,206,9,5.34,11,64,5,4.2,53.1,11,2.7,6.1,7,0,2,30,4,14,6.4,2166,NA,196.9,337,8.2,798,199.5,6.8,6.2,125.9,58.8,339,1356,4,72,18,51,12.75,9205,2301.25,2002,3,1,32,32,Redskins,Tulane
Paul McDonald,CLE,1984,26,74,185,67.3,271,12.8,345,23,5.73,16,64,4.34,2.8,55,16,4.7,5.5,9,1,3,53,5,14,7,3472,NA,217,493,9.7,299,74.75,8.3,8.6,148.2,59.7,125.25,501,4,37,9.25,13,3.25,4138,1034.5,1980,7,4,26,109,Browns,USC
Pete Beathard,2TM,1967,25,73,200,43.8,94,11.9,NA,14,NA,11,43,NA,3.9,40.7,9,6.1,2.9,3,NA,NA,NA,7,9,4.8,1114,NA,101.3,231,NA,160,53.33,7.2,6.2,117.8,48.5,110,330,3,18,6,15,5,2374,791.33,1964,1,1,5,5,Lions,USC
Pete Liske,DEN,1970,28,75,200,55.3,112,12,228,11,4.18,11,74,2.85,2.9,47.1,9,4.6,4.1,5,NA,NA,28,5,7,5.6,1340,NA,121.8,238,10.5,195,65,6.7,6.8,127.7,54.9,118.33,355,3,24,8,10,3.33,2370,790,1963,4,10,4,130,Eagles,Penn State
Peyton Manning,IND,1998,22,77,230,71.2,326,11.5,109,NA,6.08,16,78,4.84,4.5,56.7,16,4.9,5.2,11,1,1,22,3,26,6.5,3739,NA,233.7,NA,3.7,863,215.75,8.1,8.3,147.1,62.5,345.25,1381,4,89,22.25,33,8.25,11201,2800.25,1998,1,1,1,1,Colts,Tennessee
Philip Rivers,SDG,2006,25,77,228,92,284,11.9,144,9,6.66,16,57,6.73,4.8,61.7,16,2,7.4,17,NA,4,27,14,22,7.4,3388,NA,211.8,460,5.5,1087,271.75,7.9,8.1,144.1,63.5,427.75,1711,4,95,23.75,34,8.5,13484,3371,2004,2,1,4,4,Giants,North Carolina State
Quincy Carter,DAL,2001,24,74,213,63,90,11.9,56,7,5.4,8,64,4.26,2.8,51.1,8,4,4.9,3,0,2,12,3,5,6.1,1072,NA,134,176,6.4,483,161,7.6,7.1,127.8,56.6,284.33,853,3,35,11.67,25,8.33,6447,2149,2001,3,2,22,53,Cowboys,Georgia
Randall Cunningham,PHI,1987,24,76,212,83,223,12.5,NA,12,5.23,12,70,5.06,5.7,54.9,12,3,6.7,11,2,3,NA,7,23,6.9,2786,NA,232.2,406,11.7,614,204.67,7.8,7.7,137.3,58.1,352.33,1057,3,61,20.33,30,10,8290,2763.33,1985,1,2,9,37,Eagles,UNLV
Randy Wright,GNB,1986,25,74,200,66.2,263,12.3,243,23,5.72,16,62,4.4,3.5,53.5,16,4.7,5.2,8,0,0,33,4,17,6.6,3247,NA,202.9,492,6.3,368,122.67,7,6,120.2,53.1,231,693,3,36,12,32,10.67,4880,1626.67,1984,8,6,13,153,Packers,Wisconsin
Richard Todd,NYJ,1977,24,74,207,60.3,133,14,203,17,5.74,12,87,3.86,4.2,50.2,11,6.4,5,8,1,3,24,3,11,7,1863,NA,155.3,265,8.3,101,33.67,8.7,8.7,146.9,53.4,63,189,3,16,5.33,7,2.33,1642,547.33,1976,1,1,6,6,Jets,Alabama
Rick Mirer,SEA,1993,23,75,210,67,274,10.3,235,17,4.87,16,53,3.89,2.5,56.4,16,3.5,4.7,10,1,1,NA,6,12,5.8,2833,NA,177.1,486,8.8,377,94.25,8.6,8.3,139,54,174.5,698,4,41,10.25,23,5.75,5997,1499.25,1993,2,1,2,2,Seahawks,Notre Dame
Rob Johnson,BUF,2000,27,76,204,82.2,175,12.1,292,7,5.16,12,74,4.95,3.9,57.2,11,2.3,6.7,7,2,1,49,4,12,6.9,2125,NA,177.1,306,13.8,676,169,8.1,8,145.6,64.6,261.5,1046,4,58,14.5,28,7,8472,2118,1995,7,4,1,99,Jaguars,USC
Rodney Peete,DET,1989,23,72,230,67,103,14.4,164,9,5.92,8,69,4.55,2.6,52.8,8,4.6,6,6,1,1,27,3,5,7.6,1479,NA,184.9,195,12.2,630,157.5,7.6,6.9,130.9,58.3,270.25,1081,4,54,13.5,42,10.5,8225,2056.25,1989,9,6,2,141,Lions,USC
Roger Staubach,DAL,1971,29,75,197,NA,126,14.9,175,4,7.29,13,85,NA,7.1,59.7,10,NA,NA,14,1,2,23,10,15,NA,1882,NA,144.8,211,9.8,128,128,8.9,8,145.9,66.7,192,192,1,7,7,7,7,1702,1702,1964,11,10,3,129,Cowboys,Navy
Russell Wilson,SEA,2012,24,71,204,100,252,12.4,203,10,6.84,16,67,7.01,6.6,64.1,16,2.5,8.1,16,4,5,33,11,26,7.9,3118,69.59,194.9,393,7.7,907,226.75,7.9,8.4,147.2,60.9,372.25,1489,4,109,27.25,30,7.5,11720,2930,2012,6,3,12,75,Seahawks,Wisconsin
Rusty Hilger,DET,1988,26,76,205,48.9,126,12.4,251,12,3.88,11,56,2.69,2.3,41.2,9,3.9,3.8,2,NA,NA,31,3,7,5.1,1558,NA,141.6,306,9.2,316,79,6.9,6,119.3,55.1,143.25,573,4,24,6,23,5.75,3982,995.5,1985,4,6,3,143,Raiders,Oklahoma State
Ryan Leaf,SDG,1998,22,77,245,39,111,11.6,140,15,4.3,10,67,1.93,0.8,45.3,9,6.1,2.7,-1,1,2,22,3,2,5.3,1289,NA,128.9,245,8.2,473,157.67,8.4,8.6,141.4,53.8,293.33,880,3,59,19.67,24,8,7433,2477.67,1998,2,1,2,2,Chargers,Washington State
Ryan Tannehill,MIA,2012,24,76,221,76.1,282,11.7,234,13,5.9,16,80,5.23,2.5,58.3,16,2.7,6.1,10,1,1,35,7,12,6.8,3294,52.28,205.9,484,6.7,484,121,7,6.9,134.2,62.5,193.5,774,4,42,10.5,21,5.25,5450,1362.5,2012,3,1,8,8,Dolphins,Texas A&M
Sam Bradford,STL,2010,23,76,236,76.5,354,9.9,244,15,5.24,16,49,4.73,3.1,60,16,2.5,5.4,9,NA,NA,34,7,18,6,3512,41.5,219.5,590,5.4,604,201.33,9.4,10.6,175.6,67.6,297.67,893,3,88,29.33,16,5.33,8403,2801,2010,1,1,1,1,Rams,Oklahoma
Scott Campbell,ATL,1987,25,72,196,65,136,12.7,178,14,5.44,12,44,4,4.2,52.3,9,5.4,5.1,4,1,1,25,2,11,6.6,1728,NA,144,260,8.8,609,152.25,7.2,6.3,124.2,57.5,265,1060,4,45,11.25,41,10.25,7636,1909,1984,11,7,23,191,Steelers,Purdue
Scott Hunter,GNB,1971,24,74,205,46.1,75,16.1,81,17,6.49,13,77,2.9,4.3,46,10,10.4,3.6,5,1,2,11,4,7,7.4,1210,NA,93.1,163,6.3,382,127.33,7.3,6,121.8,56.8,224,672,3,27,9,32,10.67,4899,1633,1971,10,6,10,140,Packers,Alabama
Scott Mitchell,MIA,1993,25,78,240,84.2,133,13.3,49,8,7.18,13,77,6.68,5.2,57.1,7,3.4,7.1,7,NA,NA,7,3,12,7.6,1773,NA,136.4,233,NA,669,223,7.7,7.4,135.2,57.4,388.33,1165,3,69,23,38,12.67,8981,2993.67,1990,8,4,12,93,Dolphins,Utah
Seneca Wallace,SEA,2008,28,71,196,87,141,10.9,76,3,5.69,10,90,6.02,4.5,58.3,8,NA,6.7,5,1,1,14,3,11,6.3,1532,NA,153.2,242,5.5,411,205.5,7.4,6.5,124.6,57.7,356,712,2,26,13,27,13.5,5289,2644.5,2003,7,4,13,110,Seahawks,Iowa State
Shaun King,TAM,2000,23,73,215,75.8,233,11.9,240,13,5.44,16,75,4.95,4.2,54.4,16,3,5.9,13,3,3,37,10,18,6.5,2769,NA,173.1,428,8,669,167.25,7.2,7.2,130.6,55.7,300.25,1201,4,72,18,34,8.5,8695,2173.75,1999,6,2,19,50,Buccaneers,Tulane
Sonny Jurgensen,PHI,1961,27,71,202,88.1,NA,15.8,NA,NA,NA,14,69,NA,7.7,56.5,14,5.8,7.9,16,NA,3,NA,10,NA,8.9,NA,NA,NA,416,NA,28,28,6.3,2.4,91.1,47.5,59,59,1,2,2,6,6,371,371,1957,6,4,6,43,Eagles,Duke
Steve Bartkowski,ATL,1975,23,76,216,59.3,115,14.5,197,15,5.35,11,68,3.83,5.1,45.1,11,5.9,4.9,6,NA,NA,19,4,13,6.5,1662,NA,151.1,255,6.9,313,104.33,7.2,5.8,112.7,50.6,206.33,619,3,20,6.67,27,9,4434,1478,1975,1,1,1,1,Falcons,California
Steve Beuerlein,RAI,1988,23,75,220,66.6,105,15.6,215,7,5.41,10,57,4.82,3.4,44.1,8,2.9,6.3,6,0,1,26,4,8,6.9,1643,NA,164.3,238,9.8,473,118.25,7.7,6,120.3,55.6,212.5,850,4,27,6.75,44,11,6527,1631.75,1987,8,4,26,110,Raiders,Notre Dame
Steve Bono,KAN,1995,33,76,215,79.5,293,10.7,158,10,5.48,16,60,5.42,4,56.3,16,1.9,5.9,11,NA,1,21,13,21,6,3121,NA,195.1,520,3.9,155,51.67,6.6,5.6,114.3,54.8,94.33,283,3,10,3.33,11,3.67,1875,625,1985,3,6,2,142,Vikings,UCLA
Steve Dils,MIN,1983,28,73,190,66.8,239,11.9,254,16,5.38,16,68,4.34,2.5,53.8,12,3.6,5.3,8,1,3,37,5,11,6.4,2840,NA,177.5,444,7.7,291,145.5,7.6,7.1,138.3,63.1,230.5,461,2,26,13,16,8,3488,1744,1979,5,4,15,97,Vikings,Stanford
Steve Fuller,KAN,1979,22,76,198,55.8,146,10.2,244,14,4.04,16,40,2.38,2.2,54.1,12,5.2,3.6,4,0,1,37,6,6,5.5,1484,NA,92.8,270,12.1,287,71.75,7.9,7,123.4,51.8,138.5,554,4,22,5.5,21,5.25,4359,1089.75,1979,3,1,23,23,Chiefs,Clemson
Steve Pelluer,DAL,1986,24,76,209,67.9,215,12.7,362,17,5.56,16,84,4.14,2.1,56.9,9,4.5,5.6,10,1,2,47,3,8,7.2,2727,NA,170.4,378,11.1,436,109,6.1,5.3,115.2,57.7,188.75,755,4,30,7.5,26,6.5,4603,1150.75,1984,5,5,1,113,Cowboys,Washington
Steve Spurrier,SFO,1972,27,74,204,75.9,147,13.5,114,16,6.6,13,81,5.33,6.7,54.6,9,5.9,6,9,1,0,14,6,18,7.4,1983,NA,152.5,269,4.9,392,130.67,7,6,123.7,56.6,230.67,692,3,36,12,31,10.33,4848,1616,1967,1,1,3,3,49ers,Florida
Steve Stenstrom,CHI,1998,27,74,206,70.4,112,11.2,137,6,5.19,7,48,4.3,2,57.1,7,3.1,5.4,4,NA,NA,19,1,4,6.4,1252,NA,178.9,196,8.8,866,216.5,7.9,7.7,141.4,62.8,345,1380,4,74,18.5,38,9.5,10911,2727.75,1995,10,4,36,134,Chiefs,Stanford
Tarvaris Jackson,MIN,2007,24,74,226,70.8,171,11.2,70,12,5.88,12,71,4.73,3.1,58.2,12,4.1,5.3,6,1,2,19,8,9,6.5,1911,NA,159.3,294,6.1,17,8.5,4.1,1.7,64.1,35.4,24,48,2,1,0.5,3,1.5,196,98,2006,5,2,32,64,Vikings,Alabama State
Tim Couch,CLE,1999,22,76,220,73.2,223,11,NA,13,4.59,15,78,3.96,3.8,55.9,14,3.3,5.4,8,2,2,NA,2,15,6.1,2447,NA,163.1,399,12.3,795,265,7.1,7,141.7,67.1,394.67,1184,3,74,24.67,35,11.67,8435,2811.67,1999,1,1,1,1,Browns,Kentucky
Tim Rattay,SFO,2004,27,72,200,78.1,198,11,211,10,5.41,9,65,4.72,3.1,60.9,9,3.1,5.9,5,1,1,37,1,10,6.7,2169,NA,241,325,10.2,1015,338.33,8.2,8.7,154.3,65.4,517.33,1552,3,115,38.33,35,11.67,12746,4248.67,2000,10,7,6,212,49ers,Louisiana Tech
Tim Tebow,DEN,2011,24,74,236,72.9,126,13.7,225,6,4.95,14,56,4.85,4.4,46.5,11,2.2,6.3,8,5,6,33,7,12,6.4,1729,29.91,123.5,271,10.9,661,165.25,9.3,10.4,170.8,66.4,248.75,995,4,88,22,16,4,9285,2321.25,2010,2,1,25,25,Broncos,Florida
Todd Blackledge,KAN,1984,23,75,225,59.2,147,11.6,136,11,5.1,11,46,3.88,2,50,8,3.7,4.5,3,1,1,14,4,6,5.8,1707,NA,155.2,294,4.5,341,113.67,7.3,5.8,121.4,51.8,219.33,658,3,41,13.67,41,13.67,4812,1604,1983,2,1,7,7,Chiefs,Penn State
Todd Collins,BUF,1997,26,76,225,69.5,215,11,278,13,4.86,14,77,4.06,3.1,55,13,3.3,5.2,6,2,4,39,5,12,6.1,2367,NA,169.1,391,9.1,457,114.25,8.2,8,145,64.3,177.75,711,4,37,9.25,20,5,5858,1464.5,1995,3,2,13,45,Bills,Michigan
Todd Marinovich,RAI,1992,23,76,215,58.2,81,13.6,154,9,5.12,7,68,3.48,3,49.1,7,5.5,4.8,2,0,1,20,3,5,6.7,1102,NA,157.4,165,10.8,415,207.5,7.4,6.6,130.7,61.6,337,674,2,29,14.5,25,12.5,5001,2500.5,1991,2,1,24,24,Raiders,USC
Tom Brady,NWE,2001,24,76,225,86.5,264,10.8,216,12,5.79,15,91,5.39,4.4,63.9,14,2.9,6.4,12,4,NA,41,11,18,6.9,2843,NA,189.5,413,9,409,102.25,7.5,7.1,134.1,61.5,166.25,665,4,31,7.75,19,4.75,4982,1245.5,2000,7,6,33,199,Patriots,Michigan
Tom Tupa,PHO,1991,25,76,225,62,165,12.4,197,13,5.47,11,62,4.1,1.9,52.4,11,4.1,5,NA,NA,NA,24,4,6,6.5,2053,NA,186.6,315,7.1,171,42.75,7.4,6.6,126.9,56.3,76,304,4,15,3.75,12,3,2252,563,1988,1,3,13,68,Cardinals,Ohio State
Tommy Kramer,MIN,1979,24,74,200,69.3,315,10.8,249,24,5.23,16,55,4.2,4.1,55.7,16,4.2,4.9,10,3,3,36,7,23,6,3397,NA,212.3,566,6,507,126.75,6,4.4,100.9,48.9,259,1036,4,37,9.25,52,13,6197,1549.25,1977,2,1,27,27,Vikings,Rice
Tommy Maddox,PIT,2002,31,76,220,85.2,234,12.1,148,16,6.67,15,72,5.88,5.3,62.1,11,4.2,6.7,9,3,3,26,7,20,7.5,2836,NA,189.1,377,6.5,391,195.5,8,7,132.9,58.4,335,670,2,33,16.5,30,15,5363,2681.5,1992,2,1,25,25,Broncos,UCLA
Tony Banks,STL,1996,23,76,230,71,192,NA,NA,15,5.38,14,77,4.48,4.1,52.2,13,4.1,5.9,9,NA,NA,48,5,15,6.9,2544,NA,181.7,368,11.5,301,150.5,8.3,7.2,135.5,60.7,248,496,2,20,10,21,10.5,4129,2064.5,1996,1,2,12,42,Rams,Michigan State
Tony Eason,NWE,1984,25,76,212,93.4,259,12.5,409,8,5.75,16,76,5.96,5.3,60.1,13,NA,7.7,11,4,4,NA,7,23,7.5,3228,NA,201.8,431,12,526,263,7.7,7.1,133.8,61.4,428,856,2,37,18.5,29,14.5,6608,3304,1983,4,1,15,15,Patriots,Illinois
Trent Dilfer,TAM,1995,23,76,225,60.1,224,12.4,331,18,5.29,16,64,3.71,1,54,16,4.3,4.9,6,1,3,47,7,4,6.7,2774,NA,173.4,415,10.2,511,170.33,8.8,8.9,148.3,59.1,288.33,865,3,53,17.67,22,7.33,7631,2543.67,1994,2,1,6,6,Buccaneers,Fresno State
Trent Edwards,BUF,2007,24,76,231,70.4,151,10.8,105,8,5.43,10,70,4.64,2.6,56.1,9,3,5.2,4,1,2,12,5,7,6.1,1630,NA,163,269,4.3,488,122,6.3,5.4,115,56.2,217,868,4,36,9,33,8.25,5443,1360.75,2007,6,3,29,92,Bills,Stanford
Troy Aikman,DAL,1989,23,76,219,55.7,155,11.3,155,18,5.11,11,75,3.09,3.1,52.9,11,6.1,3.8,2,NA,NA,19,0,9,6,1749,NA,159,293,6.1,439,109.75,8.3,8.5,149.4,63.3,173.5,694,4,45,11.25,18,4.5,5781,1445.25,1989,1,1,1,1,Cowboys,UCLA
Ty Detmer,PHI,1996,29,72,189,80.8,238,12.2,171,13,6.4,13,42,5.74,3.7,59.4,11,3.2,6.5,10,2,3,27,7,15,7.3,2911,NA,223.9,401,6.3,1000,250,9.8,9.5,162.5,62.9,397.25,1589,4,123,30.75,67,16.75,15607,3901.75,1992,16,9,6,230,Packers,Brigham Young
Vince Evans,CHI,1980,25,74,215,66.2,148,13.8,205,16,6.03,13,89,4.39,4,53.2,10,5.8,5.5,10,1,0,26,5,11,7.3,2039,NA,156.8,278,8.6,136,45.33,7.4,5.9,111.2,44.6,101.67,305,3,14,4.67,16,5.33,2248,749.33,1977,9,6,1,140,Bears,USC
Vince Ferragamo,RAM,1980,26,75,212,89.7,240,13.3,191,19,7.04,16,74,6.45,NA,59.4,15,4.7,7.3,11,0,0,23,11,30,7.9,3199,NA,199.9,404,5.4,362,90.5,7.6,6.7,130.5,54.4,166.25,665,4,45,11.25,34,8.5,5061,1265.25,1977,4,4,7,91,Rams,Nebraska
Vince Young,TEN,2006,23,77,230,66.7,184,12,129,13,5.42,15,53,4.52,3.4,51.5,13,3.6,5.2,9,NA,NA,25,8,12,6.2,2199,NA,146.6,357,6.5,444,148,8.4,7.9,144.9,61.8,239.33,718,3,44,14.67,28,9.33,6040,2013.33,2006,1,1,3,3,Titans,Texas
Vinny Testaverde,TAM,1988,25,77,235,48.8,222,14.6,292,NA,5.91,15,59,3.27,2.8,47.6,15,7.5,4.1,6,2,3,33,5,13,7,3240,NA,216,466,6.6,413,103.25,9,8.7,152.9,61.3,168.5,674,4,48,12,25,6.25,6058,1514.5,1987,1,1,1,1,Buccaneers,Miami (FL)
Warren Rabb,BUF,1962,25,75,204,47.7,67,17.9,NA,14,NA,14,76,NA,5.6,37.9,7,7.9,4.3,4,1,1,NA,5,10,6.8,1196,NA,85.4,177,NA,86,28.67,5.6,3.9,101,47,61,183,3,11,3.67,12,4,1030,343.33,1960,3,2,3,15,Lions,Louisiana State
,,,,,,,,,,,,,,,,,,,,,,,,,,,,,,,,,,,,,,,,,,,,,,,,,,,,,
0,0,0,0,0,0,3,1,13,32,4,27,0,3,29,6,4,0,5,4,1,58,58,32,1,4,4,1,188,1,1,30,0,0,0,0,0,0,0,0,0,0,0,0,0,0,0,0,0,0,0,0,0,0
